,img,0_25s_persons_50%
0,1.jpg,9
1,10.jpg,9
2,101.jpg,13
3,0.jpg,9
4,100.jpg,13
5,102.jpg,13
6,103.jpg,12
7,104.jpg,13
8,112.jpg,12
9,106.jpg,13
10,105.jpg,13
11,110.jpg,12
12,11.jpg,10
13,111.jpg,12
14,107.jpg,13
15,108.jpg,12
16,109.jpg,12
17,113.jpg,9
18,115.jpg,10
19,116.jpg,11
20,114.jpg,9
21,118.jpg,11
22,117.jpg,11
23,119.jpg,12
24,121.jpg,12
25,120.jpg,12
26,12.jpg,10
27,122.jpg,10
28,128.jpg,12
29,127.jpg,13
30,126.jpg,13
31,124.jpg,13
32,125.jpg,13
33,123.jpg,10
34,129.jpg,12
35,130.jpg,12
36,13.jpg,11
37,131.jpg,13
38,136.jpg,10
39,138.jpg,12
40,134.jpg,11
41,133.jpg,11
42,135.jpg,11
43,137.jpg,11
44,132.jpg,13
45,14.jpg,9
46,139.jpg,11
47,140.jpg,10
48,141.jpg,12
49,143.jpg,12
50,145.jpg,12
51,146.jpg,10
52,142.jpg,12
53,144.jpg,11
54,148.jpg,11
55,147.jpg,10
56,149.jpg,11
57,15.jpg,10
58,155.jpg,12
59,156.jpg,13
60,151.jpg,11
61,153.jpg,12
62,152.jpg,11
63,150.jpg,12
64,154.jpg,12
65,157.jpg,12
66,158.jpg,13
67,159.jpg,13
68,161.jpg,12
69,163.jpg,12
70,162.jpg,12
71,16.jpg,11
72,166.jpg,11
73,160.jpg,12
74,165.jpg,11
75,164.jpg,12
76,167.jpg,11
77,168.jpg,12
78,171.jpg,12
79,17.jpg,10
80,170.jpg,13
81,169.jpg,12
82,172.jpg,12
83,175.jpg,11
84,173.jpg,13
85,174.jpg,11
86,176.jpg,11
87,177.jpg,10
88,179.jpg,11
89,18.jpg,11
90,182.jpg,12
91,180.jpg,11
92,178.jpg,10
93,181.jpg,11
94,183.jpg,12
95,185.jpg,12
96,184.jpg,12
97,186.jpg,11
98,190.jpg,10
99,188.jpg,10
100,19.jpg,12
101,191.jpg,10
102,192.jpg,10
103,189.jpg,10
104,187.jpg,11
105,193.jpg,11
106,194.jpg,11
107,195.jpg,11
108,20.jpg,13
109,200.jpg,13
110,198.jpg,12
111,196.jpg,11
112,199.jpg,12
113,197.jpg,12
114,2.jpg,11
115,202.jpg,13
116,201.jpg,12
117,203.jpg,12
118,204.jpg,11
119,21.jpg,13
120,206.jpg,13
121,208.jpg,11
122,205.jpg,12
123,209.jpg,11
124,207.jpg,12
125,210.jpg,11
126,211.jpg,10
127,212.jpg,12
128,215.jpg,10
129,214.jpg,12
130,217.jpg,11
131,213.jpg,11
132,218.jpg,12
133,220.jpg,12
134,216.jpg,12
135,219.jpg,12
136,22.jpg,12
137,23.jpg,13
138,24.jpg,13
139,29.jpg,12
140,28.jpg,13
141,27.jpg,12
142,26.jpg,12
143,3.jpg,10
144,25.jpg,12
145,30.jpg,13
146,31.jpg,13
147,32.jpg,13
148,38.jpg,12
149,34.jpg,12
150,37.jpg,13
151,36.jpg,13
152,39.jpg,11
153,4.jpg,10
154,35.jpg,13
155,33.jpg,13
156,40.jpg,11
157,41.jpg,11
158,45.jpg,12
159,43.jpg,12
160,42.jpg,12
161,47.jpg,11
162,44.jpg,11
163,46.jpg,11
164,48.jpg,12
165,5.jpg,10
166,49.jpg,12
167,50.jpg,12
168,56.jpg,10
169,57.jpg,11
170,53.jpg,13
171,51.jpg,12
172,55.jpg,10
173,58.jpg,11
174,52.jpg,12
175,54.jpg,10
176,59.jpg,11
177,6.jpg,10
178,60.jpg,11
179,62.jpg,11
180,61.jpg,10
181,64.jpg,11
182,63.jpg,11
183,68.jpg,11
184,65.jpg,11
185,67.jpg,11
186,66.jpg,11
187,69.jpg,11
188,7.jpg,10
189,74.jpg,12
190,70.jpg,11
191,73.jpg,12
192,76.jpg,11
193,77.jpg,11
194,75.jpg,12
195,71.jpg,12
196,72.jpg,12
197,78.jpg,11
198,83.jpg,11
199,81.jpg,11
200,85.jpg,11
201,8.jpg,10
202,84.jpg,11
203,80.jpg,11
204,79.jpg,11
205,82.jpg,11
206,86.jpg,12
207,87.jpg,12
208,90.jpg,12
209,89.jpg,11
210,9.jpg,10
211,88.jpg,11
212,91.jpg,12
213,93.jpg,11
214,95.jpg,12
215,92.jpg,11
216,94.jpg,12
217,96.jpg,13
218,98.jpg,13
219,99.jpg,12
220,97.jpg,13
