,img,persons_80%
0,0.jpg,8
1,1.jpg,9
2,2.jpg,9
3,8.jpg,10
4,7.jpg,9
5,9.jpg,9
6,6.jpg,11
7,5.jpg,11
8,3.jpg,10
9,4.jpg,9
10,10.jpg,9
11,11.jpg,8
12,12.jpg,8
13,16.jpg,9
14,15.jpg,8
15,17.jpg,9
16,14.jpg,9
17,19.jpg,8
18,18.jpg,8
19,13.jpg,9
20,20.jpg,9
21,21.jpg,10
22,22.jpg,10
23,28.jpg,8
24,23.jpg,9
25,25.jpg,10
26,27.jpg,9
27,26.jpg,10
28,24.jpg,9
29,29.jpg,7
30,30.jpg,9
31,31.jpg,8
32,37.jpg,10
33,33.jpg,8
34,34.jpg,9
35,35.jpg,9
36,32.jpg,9
37,38.jpg,9
38,36.jpg,9
39,39.jpg,10
40,40.jpg,10
41,41.jpg,11
42,49.jpg,7
43,50.jpg,12
44,44.jpg,9
45,42.jpg,9
46,46.jpg,12
47,43.jpg,7
48,47.jpg,10
49,48.jpg,9
50,45.jpg,11
51,51.jpg,9
52,53.jpg,10
53,52.jpg,10
54,55.jpg,11
55,57.jpg,10
56,59.jpg,9
57,60.jpg,7
58,58.jpg,10
59,54.jpg,8
60,56.jpg,9
61,61.jpg,8
62,62.jpg,6
63,63.jpg,6
64,64.jpg,7
65,65.jpg,7
66,73.jpg,9
67,74.jpg,8
68,66.jpg,6
69,69.jpg,7
70,67.jpg,8
71,68.jpg,8
72,72.jpg,9
73,71.jpg,8
74,70.jpg,9
75,75.jpg,8
76,76.jpg,9
77,77.jpg,9
78,87.jpg,7
79,86.jpg,6
80,83.jpg,7
81,80.jpg,9
82,82.jpg,8
83,81.jpg,8
84,79.jpg,9
85,78.jpg,8
86,84.jpg,7
87,89.jpg,8
88,88.jpg,9
89,90.jpg,9
90,98.jpg,9
91,99.jpg,10
92,92.jpg,10
93,94.jpg,10
94,96.jpg,10
95,93.jpg,8
96,95.jpg,9
97,97.jpg,9
98,91.jpg,8
99,102.jpg,10
100,101.jpg,9
101,111.jpg,7
102,103.jpg,8
103,112.jpg,9
104,104.jpg,8
105,108.jpg,8
106,110.jpg,11
107,105.jpg,10
108,106.jpg,9
109,107.jpg,11
110,109.jpg,11
111,115.jpg,6
112,114.jpg,6
113,113.jpg,7
114,120.jpg,5
115,121.jpg,4
116,117.jpg,5
117,118.jpg,5
118,116.jpg,6
119,122.jpg,6
120,119.jpg,5
121,123.jpg,4
122,124.jpg,3
123,125.jpg,4
124,134.jpg,11
125,135.jpg,9
126,131.jpg,11
127,130.jpg,11
128,128.jpg,10
129,133.jpg,11
130,129.jpg,7
131,132.jpg,10
132,127.jpg,11
133,136.jpg,9
134,137.jpg,7
135,138.jpg,9
136,139.jpg,10
137,140.jpg,9
138,148.jpg,12
139,149.jpg,10
140,141.jpg,10
141,146.jpg,9
142,144.jpg,6
143,145.jpg,9
144,142.jpg,8
145,143.jpg,6
146,147.jpg,11
147,150.jpg,11
148,151.jpg,10
149,152.jpg,11
150,153.jpg,7
151,154.jpg,7
152,155.jpg,6
153,156.jpg,8
154,164.jpg,7
155,165.jpg,8
156,157.jpg,8
157,160.jpg,7
158,158.jpg,8
159,162.jpg,10
160,159.jpg,8
161,161.jpg,7
162,163.jpg,9
163,166.jpg,6
164,167.jpg,5
165,168.jpg,7
166,169.jpg,7
167,170.jpg,7
168,179.jpg,8
169,178.jpg,9
170,177.jpg,8
171,173.jpg,7
172,174.jpg,9
173,175.jpg,6
174,176.jpg,8
175,171.jpg,10
176,172.jpg,10
177,180.jpg,7
178,181.jpg,6
179,182.jpg,6
180,183.jpg,8
181,184.jpg,8
182,192.jpg,6
183,193.jpg,6
184,189.jpg,8
185,188.jpg,6
186,185.jpg,8
187,187.jpg,7
188,186.jpg,6
189,191.jpg,7
190,190.jpg,8
191,194.jpg,7
192,195.jpg,7
193,196.jpg,6
194,197.jpg,8
195,198.jpg,6
196,206.jpg,8
197,207.jpg,8
198,203.jpg,7
199,200.jpg,6
200,201.jpg,6
201,202.jpg,8
202,199.jpg,5
203,204.jpg,6
204,208.jpg,6
205,209.jpg,6
206,210.jpg,9
207,211.jpg,9
208,205.jpg,7
209,212.jpg,7
210,213.jpg,9
211,214.jpg,10
212,222.jpg,8
213,223.jpg,9
214,220.jpg,7
215,215.jpg,8
216,217.jpg,8
217,218.jpg,8
218,216.jpg,8
219,219.jpg,8
220,224.jpg,8
221,225.jpg,8
222,221.jpg,9
223,226.jpg,7
224,227.jpg,8
225,228.jpg,7
226,236.jpg,5
227,237.jpg,7
228,233.jpg,6
229,230.jpg,7
230,235.jpg,5
231,229.jpg,7
232,231.jpg,5
233,234.jpg,5
234,232.jpg,7
235,238.jpg,7
236,239.jpg,8
237,240.jpg,7
238,241.jpg,5
239,242.jpg,4
240,251.jpg,4
241,252.jpg,4
242,247.jpg,3
243,248.jpg,3
244,244.jpg,4
245,246.jpg,3
246,245.jpg,4
247,253.jpg,4
248,254.jpg,5
249,250.jpg,3
250,249.jpg,4
251,255.jpg,5
252,256.jpg,8
253,257.jpg,5
254,265.jpg,7
255,266.jpg,9
256,260.jpg,5
257,262.jpg,6
258,259.jpg,6
259,258.jpg,7
260,263.jpg,9
261,261.jpg,9
262,264.jpg,8
263,267.jpg,9
264,268.jpg,8
265,269.jpg,7
266,270.jpg,9
267,271.jpg,9
268,272.jpg,9
269,281.jpg,7
270,280.jpg,8
271,277.jpg,8
272,276.jpg,9
273,273.jpg,9
274,274.jpg,9
275,279.jpg,9
276,278.jpg,9
277,282.jpg,8
278,283.jpg,8
279,284.jpg,9
280,285.jpg,8
281,287.jpg,7
282,295.jpg,7
283,296.jpg,6
284,289.jpg,6
285,293.jpg,6
286,294.jpg,5
287,292.jpg,4
288,291.jpg,5
289,288.jpg,7
290,290.jpg,6
291,297.jpg,7
292,298.jpg,7
293,299.jpg,8
294,300.jpg,6
295,301.jpg,6
296,309.jpg,7
297,310.jpg,7
298,304.jpg,6
299,308.jpg,7
300,307.jpg,8
301,306.jpg,6
302,303.jpg,7
303,302.jpg,7
304,305.jpg,6
305,311.jpg,7
306,312.jpg,5
307,313.jpg,6
308,314.jpg,7
309,315.jpg,4
310,323.jpg,4
311,324.jpg,5
312,322.jpg,3
313,320.jpg,4
314,317.jpg,5
315,316.jpg,4
316,318.jpg,4
317,325.jpg,3
318,326.jpg,4
319,327.jpg,2
320,328.jpg,6
321,319.jpg,2
322,321.jpg,3
323,329.jpg,7
324,330.jpg,7
325,331.jpg,6
326,339.jpg,6
327,340.jpg,6
328,332.jpg,6
329,333.jpg,7
330,336.jpg,7
331,335.jpg,5
332,338.jpg,6
333,337.jpg,7
334,334.jpg,5
335,341.jpg,6
336,342.jpg,7
337,343.jpg,5
338,346.jpg,6
339,350.jpg,5
340,347.jpg,6
341,344.jpg,5
342,345.jpg,5
343,348.jpg,5
344,349.jpg,6
345,351.jpg,6
346,352.jpg,6
347,353.jpg,5
348,355.jpg,5
349,354.jpg,4
350,362.jpg,9
351,356.jpg,5
352,358.jpg,8
353,360.jpg,7
354,359.jpg,7
355,361.jpg,8
356,357.jpg,7
357,365.jpg,9
358,363.jpg,8
359,364.jpg,10
360,371.jpg,8
361,369.jpg,10
362,367.jpg,8
363,366.jpg,9
364,370.jpg,9
365,368.jpg,8
366,372.jpg,9
367,373.jpg,9
368,374.jpg,9
369,375.jpg,8
370,383.jpg,8
371,384.jpg,7
372,382.jpg,6
373,376.jpg,7
374,378.jpg,8
375,379.jpg,9
376,377.jpg,6
377,380.jpg,6
378,381.jpg,6
379,385.jpg,8
380,386.jpg,8
381,387.jpg,8
382,390.jpg,7
383,389.jpg,8
384,391.jpg,8
385,392.jpg,5
386,393.jpg,9
387,388.jpg,8
388,394.jpg,9
389,395.jpg,8
390,396.jpg,9
391,397.jpg,8
392,398.jpg,9
393,399.jpg,8
394,400.jpg,7
395,403.jpg,6
396,401.jpg,8
397,402.jpg,7
398,404.jpg,8
399,405.jpg,8
400,406.jpg,8
401,407.jpg,6
402,408.jpg,6
403,409.jpg,8
404,417.jpg,9
405,418.jpg,7
406,414.jpg,7
407,416.jpg,9
408,411.jpg,8
409,415.jpg,8
410,413.jpg,9
411,412.jpg,8
412,410.jpg,8
413,419.jpg,6
414,421.jpg,8
415,420.jpg,8
416,424.jpg,9
417,422.jpg,9
418,429.jpg,8
419,428.jpg,8
420,425.jpg,7
421,427.jpg,7
422,423.jpg,7
423,431.jpg,6
424,430.jpg,8
425,432.jpg,7
426,440.jpg,8
427,441.jpg,9
428,436.jpg,8
429,437.jpg,8
430,434.jpg,8
431,435.jpg,7
432,438.jpg,8
433,439.jpg,8
434,433.jpg,9
435,442.jpg,7
436,444.jpg,8
437,443.jpg,9
438,450.jpg,8
439,448.jpg,7
440,449.jpg,8
441,445.jpg,7
442,451.jpg,9
443,446.jpg,7
444,447.jpg,8
445,452.jpg,9
446,453.jpg,9
447,454.jpg,9
448,464.jpg,8
449,463.jpg,8
450,459.jpg,8
451,458.jpg,8
452,455.jpg,9
453,460.jpg,8
454,457.jpg,7
455,461.jpg,7
456,462.jpg,8
457,465.jpg,9
458,466.jpg,9
459,467.jpg,8
460,476.jpg,5
461,475.jpg,6
462,473.jpg,4
463,472.jpg,5
464,470.jpg,6
465,469.jpg,6
466,468.jpg,6
467,471.jpg,5
468,474.jpg,5
469,477.jpg,5
470,479.jpg,5
471,478.jpg,5
472,484.jpg,8
473,485.jpg,8
474,482.jpg,9
475,481.jpg,9
476,483.jpg,10
477,486.jpg,9
478,480.jpg,6
479,488.jpg,10
480,489.jpg,10
481,491.jpg,9
482,490.jpg,9
483,499.jpg,8
484,494.jpg,9
485,495.jpg,9
486,497.jpg,9
487,496.jpg,9
488,492.jpg,9
489,493.jpg,10
490,498.jpg,9
491,500.jpg,9
