,img,persons_50%
0,501.jpg,11
1,502.jpg,11
2,510.jpg,9
3,511.jpg,9
4,508.jpg,8
5,503.jpg,11
6,509.jpg,10
7,505.jpg,13
8,504.jpg,12
9,507.jpg,9
10,506.jpg,8
11,513.jpg,9
12,514.jpg,10
13,515.jpg,10
14,518.jpg,9
15,520.jpg,12
16,519.jpg,12
17,517.jpg,10
18,516.jpg,9
19,522.jpg,11
20,521.jpg,12
21,523.jpg,10
22,524.jpg,12
23,525.jpg,12
24,534.jpg,9
25,533.jpg,9
26,531.jpg,11
27,530.jpg,13
28,529.jpg,10
29,526.jpg,11
30,528.jpg,13
31,527.jpg,13
32,532.jpg,13
33,535.jpg,9
34,536.jpg,10
35,537.jpg,11
36,543.jpg,11
37,544.jpg,10
38,541.jpg,15
39,539.jpg,11
40,538.jpg,14
41,540.jpg,10
42,542.jpg,13
43,545.jpg,8
44,546.jpg,9
45,547.jpg,8
46,556.jpg,9
47,555.jpg,10
48,552.jpg,8
49,550.jpg,10
50,548.jpg,9
51,553.jpg,9
52,549.jpg,9
53,554.jpg,10
54,551.jpg,9
55,557.jpg,9
56,558.jpg,11
57,559.jpg,10
58,567.jpg,8
59,568.jpg,8
60,563.jpg,10
61,565.jpg,10
62,560.jpg,10
63,562.jpg,8
64,564.jpg,9
65,561.jpg,8
66,566.jpg,11
67,569.jpg,8
68,570.jpg,8
69,571.jpg,7
70,579.jpg,8
71,580.jpg,8
72,578.jpg,8
73,573.jpg,8
74,574.jpg,8
75,575.jpg,8
76,577.jpg,8
77,572.jpg,8
78,576.jpg,8
79,582.jpg,8
80,581.jpg,6
81,583.jpg,7
82,589.jpg,9
83,587.jpg,9
84,590.jpg,7
85,586.jpg,8
86,588.jpg,8
87,585.jpg,8
88,584.jpg,8
89,592.jpg,6
90,591.jpg,7
91,593.jpg,7
92,601.jpg,8
93,602.jpg,7
94,598.jpg,8
95,599.jpg,7
96,595.jpg,7
97,600.jpg,8
98,596.jpg,6
99,597.jpg,7
100,594.jpg,7
101,603.jpg,6
102,604.jpg,7
103,605.jpg,8
104,612.jpg,9
105,609.jpg,9
106,608.jpg,8
107,610.jpg,8
108,613.jpg,9
109,611.jpg,8
110,607.jpg,8
111,614.jpg,10
112,615.jpg,8
113,616.jpg,8
114,626.jpg,8
115,625.jpg,7
116,622.jpg,7
117,618.jpg,6
118,624.jpg,7
119,621.jpg,7
120,617.jpg,8
121,619.jpg,6
122,623.jpg,7
123,627.jpg,7
124,628.jpg,7
125,629.jpg,6
126,632.jpg,7
127,636.jpg,7
128,633.jpg,6
129,635.jpg,7
130,631.jpg,8
131,630.jpg,8
132,634.jpg,7
133,637.jpg,8
134,638.jpg,10
135,639.jpg,9
136,644.jpg,10
137,642.jpg,6
138,640.jpg,10
139,643.jpg,9
140,646.jpg,8
141,641.jpg,8
142,645.jpg,8
143,648.jpg,7
144,647.jpg,8
145,649.jpg,8
146,658.jpg,5
147,657.jpg,5
148,651.jpg,8
149,653.jpg,8
150,654.jpg,9
151,652.jpg,7
152,650.jpg,8
153,656.jpg,7
154,655.jpg,7
155,660.jpg,5
156,659.jpg,5
157,662.jpg,5
158,671.jpg,10
159,670.jpg,8
160,669.jpg,4
161,666.jpg,5
162,663.jpg,6
163,668.jpg,5
164,667.jpg,5
165,665.jpg,5
166,664.jpg,6
167,672.jpg,9
168,673.jpg,7
169,674.jpg,7
170,679.jpg,9
171,675.jpg,7
172,677.jpg,8
173,680.jpg,5
174,678.jpg,8
175,681.jpg,8
176,676.jpg,5
177,682.jpg,8
178,683.jpg,6
179,684.jpg,7
180,693.jpg,8
181,692.jpg,5
182,685.jpg,7
183,686.jpg,6
184,688.jpg,5
185,690.jpg,7
186,687.jpg,6
187,689.jpg,6
188,691.jpg,6
189,694.jpg,8
190,695.jpg,8
191,696.jpg,8
192,704.jpg,8
193,699.jpg,8
194,703.jpg,6
195,698.jpg,8
196,697.jpg,8
197,700.jpg,8
198,701.jpg,6
199,702.jpg,8
200,705.jpg,10
201,706.jpg,10
202,707.jpg,9
203,708.jpg,9
204,714.jpg,9
205,715.jpg,9
206,713.jpg,9
207,710.jpg,9
208,709.jpg,10
209,711.jpg,9
210,712.jpg,9
211,716.jpg,9
212,717.jpg,9
213,718.jpg,10
214,720.jpg,9
215,721.jpg,9
216,724.jpg,9
217,722.jpg,8
218,719.jpg,9
219,725.jpg,9
220,726.jpg,8
221,727.jpg,8
222,723.jpg,9
223,728.jpg,10
224,729.jpg,13
225,737.jpg,8
226,731.jpg,12
227,734.jpg,9
228,730.jpg,11
229,732.jpg,10
230,735.jpg,8
231,733.jpg,10
232,736.jpg,6
233,739.jpg,9
234,740.jpg,9
235,741.jpg,7
236,743.jpg,9
237,745.jpg,9
238,742.jpg,8
239,744.jpg,7
240,746.jpg,8
241,748.jpg,9
242,747.jpg,7
243,749.jpg,8
244,750.jpg,10
245,751.jpg,9
246,759.jpg,8
247,760.jpg,10
248,753.jpg,9
249,756.jpg,9
250,757.jpg,8
251,755.jpg,10
252,752.jpg,8
253,758.jpg,8
254,754.jpg,9
255,761.jpg,9
256,762.jpg,9
257,763.jpg,9
258,773.jpg,7
259,771.jpg,10
260,768.jpg,8
261,770.jpg,7
262,767.jpg,9
263,765.jpg,10
264,766.jpg,9
265,764.jpg,10
266,769.jpg,8
267,774.jpg,8
268,776.jpg,8
269,775.jpg,8
270,782.jpg,8
271,779.jpg,7
272,780.jpg,6
273,778.jpg,8
274,781.jpg,6
275,777.jpg,9
276,783.jpg,7
277,784.jpg,7
278,785.jpg,6
279,786.jpg,7
280,794.jpg,4
281,795.jpg,7
282,791.jpg,7
283,793.jpg,7
284,789.jpg,6
285,788.jpg,7
286,792.jpg,7
287,790.jpg,7
288,787.jpg,6
289,796.jpg,8
290,797.jpg,8
291,798.jpg,9
292,807.jpg,6
293,806.jpg,4
294,799.jpg,7
295,805.jpg,6
296,802.jpg,5
297,803.jpg,7
298,800.jpg,7
299,801.jpg,7
300,804.jpg,5
301,808.jpg,6
302,811.jpg,4
303,809.jpg,7
304,814.jpg,5
305,818.jpg,5
306,813.jpg,5
307,812.jpg,6
308,816.jpg,6
309,815.jpg,6
310,817.jpg,6
311,819.jpg,4
312,820.jpg,5
313,821.jpg,5
314,829.jpg,5
315,830.jpg,7
316,826.jpg,5
317,828.jpg,6
318,822.jpg,7
319,823.jpg,5
320,824.jpg,6
321,827.jpg,5
322,825.jpg,6
323,831.jpg,5
324,832.jpg,4
325,833.jpg,6
326,842.jpg,9
327,841.jpg,9
328,838.jpg,6
329,839.jpg,8
330,836.jpg,6
331,837.jpg,8
332,835.jpg,8
333,834.jpg,6
334,840.jpg,7
335,843.jpg,12
336,845.jpg,9
337,844.jpg,7
338,846.jpg,7
339,852.jpg,7
340,850.jpg,5
341,848.jpg,7
342,851.jpg,6
343,847.jpg,9
344,849.jpg,6
345,855.jpg,7
346,854.jpg,6
347,853.jpg,6
348,857.jpg,8
349,858.jpg,6
350,860.jpg,6
351,856.jpg,7
352,862.jpg,6
353,859.jpg,6
354,861.jpg,7
355,864.jpg,9
356,863.jpg,9
357,865.jpg,10
358,872.jpg,8
359,870.jpg,5
360,867.jpg,7
361,871.jpg,6
362,869.jpg,8
363,866.jpg,7
364,868.jpg,8
365,874.jpg,7
366,873.jpg,6
367,875.jpg,8
368,883.jpg,7
369,884.jpg,8
370,877.jpg,8
371,880.jpg,10
372,879.jpg,8
373,878.jpg,10
374,882.jpg,9
375,881.jpg,10
376,876.jpg,10
377,885.jpg,6
378,886.jpg,7
379,887.jpg,9
380,890.jpg,9
381,893.jpg,7
382,892.jpg,9
383,894.jpg,8
384,889.jpg,9
385,888.jpg,8
386,891.jpg,8
387,895.jpg,7
388,897.jpg,8
389,896.jpg,8
390,902.jpg,9
391,904.jpg,9
392,901.jpg,10
393,903.jpg,8
394,899.jpg,10
395,898.jpg,7
396,900.jpg,9
397,906.jpg,10
398,905.jpg,9
399,907.jpg,8
400,914.jpg,8
401,909.jpg,8
402,910.jpg,8
403,912.jpg,7
404,908.jpg,7
405,911.jpg,7
406,915.jpg,7
407,919.jpg,8
408,918.jpg,10
409,917.jpg,6
410,916.jpg,8
411,920.jpg,9
412,921.jpg,9
413,929.jpg,9
414,928.jpg,11
415,924.jpg,9
416,930.jpg,9
417,927.jpg,10
418,925.jpg,8
419,926.jpg,8
420,923.jpg,8
421,922.jpg,9
422,931.jpg,8
423,935.jpg,10
424,939.jpg,9
425,938.jpg,10
426,933.jpg,8
427,937.jpg,10
428,934.jpg,9
429,936.jpg,9
430,932.jpg,9
431,940.jpg,8
432,941.jpg,7
433,945.jpg,6
434,943.jpg,6
435,944.jpg,5
436,948.jpg,6
437,946.jpg,5
438,947.jpg,6
439,942.jpg,7
440,950.jpg,7
441,949.jpg,7
442,951.jpg,5
443,957.jpg,7
444,960.jpg,9
445,959.jpg,8
446,953.jpg,7
447,958.jpg,9
448,955.jpg,8
449,956.jpg,8
450,954.jpg,9
451,952.jpg,7
452,961.jpg,9
453,964.jpg,9
454,962.jpg,7
455,966.jpg,9
456,963.jpg,9
457,968.jpg,7
458,969.jpg,9
459,965.jpg,8
460,967.jpg,9
461,970.jpg,9
462,971.jpg,10
463,975.jpg,9
464,977.jpg,9
465,974.jpg,10
466,973.jpg,8
467,972.jpg,10
468,976.jpg,9
469,978.jpg,8
470,980.jpg,8
471,979.jpg,9
472,981.jpg,8
473,987.jpg,9
474,983.jpg,10
475,986.jpg,9
476,985.jpg,9
477,984.jpg,7
478,988.jpg,9
479,989.jpg,8
480,982.jpg,7
481,990.jpg,7
482,991.jpg,10
483,997.jpg,9
484,995.jpg,9
485,996.jpg,8
486,993.jpg,6
487,994.jpg,8
488,992.jpg,9
489,998.jpg,8
490,999.jpg,8
491,1000.jpg,8
