,img,Keypoint_RCNN_persons_90%
0,0.jpg,12
1,1.jpg,9
2,2.jpg,10
3,8.jpg,10
4,7.jpg,10
5,9.jpg,10
6,6.jpg,11
7,5.jpg,10
8,3.jpg,9
9,4.jpg,12
10,10.jpg,10
11,11.jpg,9
12,12.jpg,8
13,16.jpg,9
14,15.jpg,9
15,17.jpg,10
16,14.jpg,9
17,19.jpg,8
18,18.jpg,8
19,13.jpg,9
20,20.jpg,9
21,21.jpg,9
22,22.jpg,10
23,28.jpg,8
24,23.jpg,10
25,25.jpg,10
26,27.jpg,9
27,26.jpg,9
28,24.jpg,9
29,29.jpg,8
30,30.jpg,9
31,31.jpg,8
32,37.jpg,10
33,33.jpg,8
34,34.jpg,9
35,35.jpg,9
36,32.jpg,9
37,38.jpg,10
38,36.jpg,10
39,39.jpg,10
40,40.jpg,9
41,41.jpg,10
42,49.jpg,12
43,50.jpg,13
44,44.jpg,9
45,42.jpg,9
46,46.jpg,12
47,43.jpg,8
48,47.jpg,10
49,48.jpg,8
50,45.jpg,11
51,51.jpg,13
52,53.jpg,12
53,52.jpg,12
54,55.jpg,11
55,57.jpg,12
56,59.jpg,11
57,60.jpg,10
58,58.jpg,10
59,54.jpg,11
60,56.jpg,10
61,61.jpg,12
62,62.jpg,10
63,63.jpg,9
64,64.jpg,7
65,65.jpg,8
66,73.jpg,8
67,74.jpg,8
68,66.jpg,7
69,69.jpg,7
70,67.jpg,7
71,68.jpg,9
72,72.jpg,7
73,71.jpg,8
74,70.jpg,7
75,75.jpg,8
76,76.jpg,8
77,77.jpg,8
78,87.jpg,7
79,86.jpg,7
80,83.jpg,8
81,80.jpg,9
82,82.jpg,8
83,81.jpg,9
84,79.jpg,9
85,78.jpg,8
86,84.jpg,8
87,89.jpg,9
88,88.jpg,9
89,90.jpg,10
90,98.jpg,7
91,99.jpg,10
92,92.jpg,10
93,94.jpg,8
94,96.jpg,8
95,93.jpg,8
96,95.jpg,8
97,97.jpg,7
98,91.jpg,10
99,102.jpg,9
100,101.jpg,9
101,111.jpg,11
102,103.jpg,7
103,112.jpg,11
104,104.jpg,8
105,108.jpg,10
106,110.jpg,10
107,105.jpg,9
108,106.jpg,9
109,107.jpg,8
110,109.jpg,9
111,115.jpg,6
112,114.jpg,7
113,113.jpg,7
114,120.jpg,6
115,121.jpg,5
116,117.jpg,5
117,118.jpg,5
118,116.jpg,8
119,122.jpg,6
120,119.jpg,5
121,123.jpg,5
122,124.jpg,6
123,125.jpg,5
124,134.jpg,10
125,135.jpg,9
126,131.jpg,8
127,130.jpg,9
128,128.jpg,11
129,133.jpg,11
130,129.jpg,9
131,132.jpg,11
132,127.jpg,10
133,136.jpg,8
134,137.jpg,9
135,138.jpg,9
136,139.jpg,10
137,140.jpg,10
138,148.jpg,12
139,149.jpg,11
140,141.jpg,11
141,146.jpg,11
142,144.jpg,10
143,145.jpg,10
144,142.jpg,7
145,143.jpg,9
146,147.jpg,11
147,150.jpg,11
148,151.jpg,12
149,152.jpg,12
150,153.jpg,7
151,154.jpg,8
152,155.jpg,7
153,156.jpg,8
154,164.jpg,10
155,165.jpg,9
156,157.jpg,6
157,160.jpg,7
158,158.jpg,9
159,162.jpg,10
160,159.jpg,8
161,161.jpg,7
162,163.jpg,10
163,166.jpg,9
164,167.jpg,6
165,168.jpg,9
166,169.jpg,9
167,170.jpg,9
168,179.jpg,7
169,178.jpg,11
170,177.jpg,8
171,173.jpg,8
172,174.jpg,9
173,175.jpg,9
174,176.jpg,9
175,171.jpg,10
176,172.jpg,9
177,180.jpg,8
178,181.jpg,7
179,182.jpg,7
180,183.jpg,8
181,184.jpg,8
182,192.jpg,8
183,193.jpg,5
184,189.jpg,7
185,188.jpg,6
186,185.jpg,8
187,187.jpg,6
188,186.jpg,5
189,191.jpg,8
190,190.jpg,8
191,194.jpg,7
192,195.jpg,8
193,196.jpg,7
194,197.jpg,9
195,198.jpg,7
196,206.jpg,8
197,207.jpg,7
198,203.jpg,7
199,200.jpg,6
200,201.jpg,6
201,202.jpg,8
202,199.jpg,6
203,204.jpg,7
204,208.jpg,6
205,209.jpg,9
206,210.jpg,9
207,211.jpg,8
208,205.jpg,6
209,212.jpg,8
210,213.jpg,10
211,214.jpg,10
212,222.jpg,8
213,223.jpg,9
214,220.jpg,8
215,215.jpg,9
216,217.jpg,9
217,218.jpg,9
218,216.jpg,10
219,219.jpg,9
220,224.jpg,8
221,225.jpg,8
222,221.jpg,8
223,226.jpg,8
224,227.jpg,8
225,228.jpg,7
226,236.jpg,5
227,237.jpg,7
228,233.jpg,6
229,230.jpg,7
230,235.jpg,5
231,229.jpg,7
232,231.jpg,7
233,234.jpg,6
234,232.jpg,7
235,238.jpg,8
236,239.jpg,8
237,240.jpg,6
238,241.jpg,5
239,242.jpg,4
240,251.jpg,4
241,252.jpg,4
242,247.jpg,4
243,248.jpg,3
244,244.jpg,5
245,246.jpg,4
246,245.jpg,4
247,253.jpg,4
248,254.jpg,5
249,250.jpg,3
250,249.jpg,4
251,255.jpg,7
252,256.jpg,8
253,257.jpg,6
254,265.jpg,8
255,266.jpg,8
256,260.jpg,4
257,262.jpg,8
258,259.jpg,5
259,258.jpg,6
260,263.jpg,10
261,261.jpg,8
262,264.jpg,8
263,267.jpg,9
264,268.jpg,8
265,269.jpg,9
266,270.jpg,9
267,271.jpg,7
268,272.jpg,8
269,281.jpg,7
270,280.jpg,8
271,277.jpg,8
272,276.jpg,7
273,273.jpg,7
274,274.jpg,9
275,279.jpg,8
276,278.jpg,9
277,282.jpg,9
278,283.jpg,8
279,284.jpg,7
280,285.jpg,8
281,287.jpg,7
282,295.jpg,7
283,296.jpg,6
284,289.jpg,8
285,293.jpg,7
286,294.jpg,6
287,292.jpg,7
288,291.jpg,7
289,288.jpg,8
290,290.jpg,8
291,297.jpg,7
292,298.jpg,7
293,299.jpg,7
294,300.jpg,7
295,301.jpg,7
296,309.jpg,7
297,310.jpg,7
298,304.jpg,6
299,308.jpg,7
300,307.jpg,7
301,306.jpg,7
302,303.jpg,7
303,302.jpg,6
304,305.jpg,6
305,311.jpg,5
306,312.jpg,5
307,313.jpg,5
308,314.jpg,7
309,315.jpg,5
310,323.jpg,5
311,324.jpg,5
312,322.jpg,5
313,320.jpg,4
314,317.jpg,6
315,316.jpg,7
316,318.jpg,4
317,325.jpg,4
318,326.jpg,4
319,327.jpg,5
320,328.jpg,7
321,319.jpg,4
322,321.jpg,5
323,329.jpg,7
324,330.jpg,7
325,331.jpg,5
326,339.jpg,8
327,340.jpg,7
328,332.jpg,6
329,333.jpg,6
330,336.jpg,6
331,335.jpg,6
332,338.jpg,7
333,337.jpg,7
334,334.jpg,6
335,341.jpg,6
336,342.jpg,7
337,343.jpg,5
338,346.jpg,6
339,350.jpg,5
340,347.jpg,6
341,344.jpg,6
342,345.jpg,6
343,348.jpg,6
344,349.jpg,6
345,351.jpg,6
346,352.jpg,5
347,353.jpg,6
348,355.jpg,4
349,354.jpg,4
350,362.jpg,8
351,356.jpg,5
352,358.jpg,9
353,360.jpg,9
354,359.jpg,8
355,361.jpg,8
356,357.jpg,9
357,365.jpg,10
358,363.jpg,8
359,364.jpg,8
360,371.jpg,9
361,369.jpg,9
362,367.jpg,9
363,366.jpg,9
364,370.jpg,9
365,368.jpg,8
366,372.jpg,8
367,373.jpg,9
368,374.jpg,9
369,375.jpg,9
370,383.jpg,7
371,384.jpg,8
372,382.jpg,6
373,376.jpg,8
374,378.jpg,8
375,379.jpg,9
376,377.jpg,7
377,380.jpg,7
378,381.jpg,6
379,385.jpg,7
380,386.jpg,8
381,387.jpg,9
382,390.jpg,8
383,389.jpg,8
384,391.jpg,8
385,392.jpg,7
386,393.jpg,9
387,388.jpg,6
388,394.jpg,9
389,395.jpg,8
390,396.jpg,9
391,397.jpg,9
392,398.jpg,9
393,399.jpg,8
394,400.jpg,8
395,403.jpg,7
396,401.jpg,9
397,402.jpg,9
398,404.jpg,10
399,405.jpg,8
400,406.jpg,7
401,407.jpg,7
402,408.jpg,8
403,409.jpg,8
404,417.jpg,7
405,418.jpg,7
406,414.jpg,8
407,416.jpg,10
408,411.jpg,8
409,415.jpg,9
410,413.jpg,10
411,412.jpg,9
412,410.jpg,7
413,419.jpg,7
414,421.jpg,8
415,420.jpg,8
416,424.jpg,8
417,422.jpg,8
418,429.jpg,8
419,428.jpg,7
420,425.jpg,8
421,427.jpg,8
422,423.jpg,9
423,431.jpg,8
424,430.jpg,8
425,432.jpg,8
426,440.jpg,9
427,441.jpg,8
428,436.jpg,8
429,437.jpg,8
430,434.jpg,8
431,435.jpg,7
432,438.jpg,8
433,439.jpg,8
434,433.jpg,9
435,442.jpg,7
436,444.jpg,9
437,443.jpg,9
438,450.jpg,9
439,448.jpg,8
440,449.jpg,8
441,445.jpg,8
442,451.jpg,9
443,446.jpg,8
444,447.jpg,8
445,452.jpg,9
446,453.jpg,9
447,454.jpg,9
448,464.jpg,8
449,463.jpg,9
450,459.jpg,8
451,458.jpg,7
452,455.jpg,8
453,460.jpg,8
454,457.jpg,7
455,461.jpg,7
456,462.jpg,8
457,465.jpg,9
458,466.jpg,8
459,467.jpg,7
460,476.jpg,5
461,475.jpg,5
462,473.jpg,4
463,472.jpg,5
464,470.jpg,5
465,469.jpg,6
466,468.jpg,6
467,471.jpg,4
468,474.jpg,5
469,477.jpg,5
470,479.jpg,5
471,478.jpg,5
472,484.jpg,8
473,485.jpg,7
474,482.jpg,9
475,481.jpg,9
476,483.jpg,9
477,486.jpg,9
478,480.jpg,6
479,488.jpg,10
480,489.jpg,9
481,491.jpg,9
482,490.jpg,9
483,499.jpg,7
484,494.jpg,9
485,495.jpg,8
486,497.jpg,8
487,496.jpg,8
488,492.jpg,9
489,493.jpg,9
490,498.jpg,8
491,500.jpg,9
0,501.jpg,9
1,502.jpg,11
2,510.jpg,7
3,511.jpg,9
4,508.jpg,7
5,503.jpg,10
6,509.jpg,7
7,505.jpg,9
8,504.jpg,9
9,507.jpg,8
10,506.jpg,7
11,513.jpg,8
12,514.jpg,8
13,515.jpg,8
14,518.jpg,7
15,520.jpg,9
16,519.jpg,6
17,517.jpg,9
18,516.jpg,8
19,522.jpg,11
20,521.jpg,9
21,523.jpg,10
22,524.jpg,10
23,525.jpg,9
24,534.jpg,8
25,533.jpg,9
26,531.jpg,8
27,530.jpg,9
28,529.jpg,9
29,526.jpg,11
30,528.jpg,6
31,527.jpg,9
32,532.jpg,10
33,535.jpg,8
34,536.jpg,7
35,537.jpg,9
36,543.jpg,11
37,544.jpg,10
38,541.jpg,11
39,539.jpg,10
40,538.jpg,8
41,540.jpg,10
42,542.jpg,11
43,545.jpg,6
44,546.jpg,7
45,547.jpg,9
46,556.jpg,8
47,555.jpg,8
48,552.jpg,8
49,550.jpg,8
50,548.jpg,9
51,553.jpg,8
52,549.jpg,8
53,554.jpg,9
54,551.jpg,9
55,557.jpg,9
56,558.jpg,7
57,559.jpg,8
58,567.jpg,8
59,568.jpg,8
60,563.jpg,8
61,565.jpg,8
62,560.jpg,7
63,562.jpg,8
64,564.jpg,9
65,561.jpg,6
66,566.jpg,8
67,569.jpg,8
68,570.jpg,7
69,571.jpg,7
70,579.jpg,7
71,580.jpg,7
72,578.jpg,8
73,573.jpg,7
74,574.jpg,8
75,575.jpg,8
76,577.jpg,8
77,572.jpg,8
78,576.jpg,8
79,582.jpg,7
80,581.jpg,6
81,583.jpg,7
82,589.jpg,7
83,587.jpg,7
84,590.jpg,7
85,586.jpg,7
86,588.jpg,7
87,585.jpg,7
88,584.jpg,7
89,592.jpg,6
90,591.jpg,7
91,593.jpg,7
92,601.jpg,8
93,602.jpg,7
94,598.jpg,6
95,599.jpg,6
96,595.jpg,6
97,600.jpg,8
98,596.jpg,7
99,597.jpg,7
100,594.jpg,6
101,603.jpg,5
102,604.jpg,7
103,605.jpg,8
104,612.jpg,7
105,609.jpg,8
106,608.jpg,8
107,610.jpg,8
108,613.jpg,8
109,611.jpg,8
110,607.jpg,8
111,614.jpg,8
112,615.jpg,7
113,616.jpg,7
114,626.jpg,7
115,625.jpg,7
116,622.jpg,7
117,618.jpg,6
118,624.jpg,7
119,621.jpg,7
120,617.jpg,7
121,619.jpg,6
122,623.jpg,7
123,627.jpg,8
124,628.jpg,6
125,629.jpg,7
126,632.jpg,6
127,636.jpg,7
128,633.jpg,5
129,635.jpg,6
130,631.jpg,6
131,630.jpg,7
132,634.jpg,7
133,637.jpg,6
134,638.jpg,7
135,639.jpg,7
136,644.jpg,8
137,642.jpg,7
138,640.jpg,7
139,643.jpg,8
140,646.jpg,6
141,641.jpg,7
142,645.jpg,7
143,648.jpg,7
144,647.jpg,6
145,649.jpg,7
146,658.jpg,5
147,657.jpg,6
148,651.jpg,6
149,653.jpg,6
150,654.jpg,7
151,652.jpg,7
152,650.jpg,7
153,656.jpg,6
154,655.jpg,6
155,660.jpg,5
156,659.jpg,6
157,662.jpg,5
158,671.jpg,7
159,670.jpg,6
160,669.jpg,4
161,666.jpg,5
162,663.jpg,6
163,668.jpg,5
164,667.jpg,6
165,665.jpg,4
166,664.jpg,6
167,672.jpg,6
168,673.jpg,7
169,674.jpg,6
170,679.jpg,8
171,675.jpg,8
172,677.jpg,8
173,680.jpg,5
174,678.jpg,8
175,681.jpg,6
176,676.jpg,5
177,682.jpg,6
178,683.jpg,6
179,684.jpg,7
180,693.jpg,6
181,692.jpg,5
182,685.jpg,6
183,686.jpg,6
184,688.jpg,4
185,690.jpg,5
186,687.jpg,5
187,689.jpg,5
188,691.jpg,5
189,694.jpg,5
190,695.jpg,6
191,696.jpg,6
192,704.jpg,5
193,699.jpg,4
194,703.jpg,6
195,698.jpg,6
196,697.jpg,6
197,700.jpg,5
198,701.jpg,4
199,702.jpg,5
200,705.jpg,9
201,706.jpg,7
202,707.jpg,7
203,708.jpg,8
204,714.jpg,7
205,715.jpg,9
206,713.jpg,9
207,710.jpg,8
208,709.jpg,8
209,711.jpg,8
210,712.jpg,8
211,716.jpg,9
212,717.jpg,9
213,718.jpg,6
214,720.jpg,8
215,721.jpg,9
216,724.jpg,8
217,722.jpg,8
218,719.jpg,6
219,725.jpg,7
220,726.jpg,6
221,727.jpg,8
222,723.jpg,8
223,728.jpg,8
224,729.jpg,8
225,737.jpg,6
226,731.jpg,7
227,734.jpg,6
228,730.jpg,9
229,732.jpg,7
230,735.jpg,5
231,733.jpg,7
232,736.jpg,6
233,739.jpg,9
234,740.jpg,9
235,741.jpg,6
236,743.jpg,6
237,745.jpg,7
238,742.jpg,6
239,744.jpg,8
240,746.jpg,8
241,748.jpg,8
242,747.jpg,7
243,749.jpg,9
244,750.jpg,8
245,751.jpg,9
246,759.jpg,7
247,760.jpg,7
248,753.jpg,7
249,756.jpg,6
250,757.jpg,7
251,755.jpg,8
252,752.jpg,8
253,758.jpg,7
254,754.jpg,8
255,761.jpg,8
256,762.jpg,6
257,763.jpg,7
258,773.jpg,7
259,771.jpg,7
260,768.jpg,7
261,770.jpg,7
262,767.jpg,7
263,765.jpg,7
264,766.jpg,7
265,764.jpg,7
266,769.jpg,5
267,774.jpg,6
268,776.jpg,6
269,775.jpg,6
270,782.jpg,7
271,779.jpg,7
272,780.jpg,7
273,778.jpg,7
274,781.jpg,7
275,777.jpg,6
276,783.jpg,7
277,784.jpg,7
278,785.jpg,6
279,786.jpg,7
280,794.jpg,4
281,795.jpg,6
282,791.jpg,6
283,793.jpg,7
284,789.jpg,7
285,788.jpg,7
286,792.jpg,6
287,790.jpg,7
288,787.jpg,6
289,796.jpg,8
290,797.jpg,8
291,798.jpg,8
292,807.jpg,5
293,806.jpg,5
294,799.jpg,7
295,805.jpg,5
296,802.jpg,5
297,803.jpg,7
298,800.jpg,7
299,801.jpg,6
300,804.jpg,5
301,808.jpg,5
302,811.jpg,4
303,809.jpg,5
304,814.jpg,5
305,818.jpg,4
306,813.jpg,4
307,812.jpg,6
308,816.jpg,6
309,815.jpg,5
310,817.jpg,4
311,819.jpg,3
312,820.jpg,3
313,821.jpg,4
314,829.jpg,6
315,830.jpg,4
316,826.jpg,6
317,828.jpg,6
318,822.jpg,4
319,823.jpg,4
320,824.jpg,3
321,827.jpg,6
322,825.jpg,5
323,831.jpg,5
324,832.jpg,4
325,833.jpg,5
326,842.jpg,8
327,841.jpg,6
328,838.jpg,6
329,839.jpg,6
330,836.jpg,6
331,837.jpg,8
332,835.jpg,8
333,834.jpg,4
334,840.jpg,6
335,843.jpg,7
336,845.jpg,7
337,844.jpg,7
338,846.jpg,8
339,852.jpg,6
340,850.jpg,4
341,848.jpg,6
342,851.jpg,6
343,847.jpg,7
344,849.jpg,7
345,855.jpg,3
346,854.jpg,6
347,853.jpg,7
348,857.jpg,7
349,858.jpg,4
350,860.jpg,5
351,856.jpg,7
352,862.jpg,6
353,859.jpg,6
354,861.jpg,5
355,864.jpg,8
356,863.jpg,7
357,865.jpg,8
358,872.jpg,3
359,870.jpg,4
360,867.jpg,6
361,871.jpg,5
362,869.jpg,6
363,866.jpg,6
364,868.jpg,6
365,874.jpg,6
366,873.jpg,5
367,875.jpg,8
368,883.jpg,7
369,884.jpg,8
370,877.jpg,7
371,880.jpg,7
372,879.jpg,9
373,878.jpg,8
374,882.jpg,8
375,881.jpg,7
376,876.jpg,8
377,885.jpg,4
378,886.jpg,6
379,887.jpg,7
380,890.jpg,8
381,893.jpg,7
382,892.jpg,8
383,894.jpg,7
384,889.jpg,7
385,888.jpg,8
386,891.jpg,8
387,895.jpg,6
388,897.jpg,8
389,896.jpg,8
390,902.jpg,8
391,904.jpg,8
392,901.jpg,8
393,903.jpg,8
394,899.jpg,7
395,898.jpg,6
396,900.jpg,8
397,906.jpg,8
398,905.jpg,9
399,907.jpg,7
400,914.jpg,7
401,909.jpg,6
402,910.jpg,6
403,912.jpg,7
404,908.jpg,5
405,911.jpg,7
406,915.jpg,7
407,919.jpg,9
408,918.jpg,5
409,917.jpg,6
410,916.jpg,7
411,920.jpg,9
412,921.jpg,9
413,929.jpg,9
414,928.jpg,9
415,924.jpg,8
416,930.jpg,9
417,927.jpg,9
418,925.jpg,8
419,926.jpg,8
420,923.jpg,9
421,922.jpg,8
422,931.jpg,8
423,935.jpg,8
424,939.jpg,8
425,938.jpg,8
426,933.jpg,9
427,937.jpg,9
428,934.jpg,9
429,936.jpg,9
430,932.jpg,7
431,940.jpg,8
432,941.jpg,6
433,945.jpg,5
434,943.jpg,5
435,944.jpg,4
436,948.jpg,5
437,946.jpg,5
438,947.jpg,5
439,942.jpg,5
440,950.jpg,6
441,949.jpg,6
442,951.jpg,5
443,957.jpg,7
444,960.jpg,7
445,959.jpg,7
446,953.jpg,5
447,958.jpg,6
448,955.jpg,7
449,956.jpg,7
450,954.jpg,7
451,952.jpg,5
452,961.jpg,6
453,964.jpg,8
454,962.jpg,8
455,966.jpg,7
456,963.jpg,8
457,968.jpg,6
458,969.jpg,8
459,965.jpg,7
460,967.jpg,7
461,970.jpg,8
462,971.jpg,7
463,975.jpg,9
464,977.jpg,8
465,974.jpg,9
466,973.jpg,7
467,972.jpg,8
468,976.jpg,8
469,978.jpg,6
470,980.jpg,6
471,979.jpg,9
472,981.jpg,5
473,987.jpg,6
474,983.jpg,6
475,986.jpg,6
476,985.jpg,6
477,984.jpg,5
478,988.jpg,6
479,989.jpg,6
480,982.jpg,6
481,990.jpg,7
482,991.jpg,7
483,997.jpg,6
484,995.jpg,8
485,996.jpg,7
486,993.jpg,6
487,994.jpg,7
488,992.jpg,6
489,998.jpg,8
490,999.jpg,8
491,1000.jpg,7
0,1001.jpg,7
1,1007.jpg,7
2,1005.jpg,7
3,1002.jpg,6
4,1004.jpg,7
5,1008.jpg,7
6,1010.jpg,7
7,1006.jpg,7
8,1003.jpg,7
9,1009.jpg,7
10,1011.jpg,7
11,1019.jpg,5
12,1020.jpg,8
13,1013.jpg,7
14,1017.jpg,8
15,1012.jpg,7
16,1018.jpg,8
17,1014.jpg,7
18,1015.jpg,6
19,1016.jpg,8
20,1021.jpg,8
21,1023.jpg,9
22,1025.jpg,9
23,1027.jpg,8
24,1030.jpg,7
25,1022.jpg,9
26,1029.jpg,8
27,1024.jpg,8
28,1026.jpg,9
29,1028.jpg,8
30,1031.jpg,8
31,1038.jpg,7
32,1032.jpg,8
33,1037.jpg,7
34,1039.jpg,7
35,1034.jpg,8
36,1036.jpg,6
37,1035.jpg,8
38,1033.jpg,8
39,1040.jpg,7
40,1041.jpg,8
41,1044.jpg,9
42,1043.jpg,7
43,1048.jpg,8
44,1046.jpg,8
45,1049.jpg,8
46,1045.jpg,7
47,1047.jpg,7
48,1042.jpg,8
49,1050.jpg,7
50,1051.jpg,9
51,1056.jpg,8
52,1052.jpg,7
53,1054.jpg,8
54,1059.jpg,7
55,1053.jpg,8
56,1060.jpg,8
57,1057.jpg,9
58,1058.jpg,9
59,1055.jpg,8
60,1061.jpg,7
61,1064.jpg,7
62,1066.jpg,6
63,1063.jpg,9
64,1065.jpg,9
65,1062.jpg,9
66,1069.jpg,5
67,1067.jpg,5
68,1068.jpg,5
69,1070.jpg,3
70,1071.jpg,3
71,1077.jpg,3
72,1072.jpg,3
73,1076.jpg,5
74,1078.jpg,3
75,1074.jpg,5
76,1073.jpg,4
77,1075.jpg,4
78,1080.jpg,6
79,1079.jpg,3
80,1081.jpg,7
81,1088.jpg,6
82,1087.jpg,6
83,1084.jpg,6
84,1082.jpg,7
85,1089.jpg,6
86,1086.jpg,7
87,1085.jpg,7
88,1083.jpg,6
89,1090.jpg,6
90,1091.jpg,6
91,1097.jpg,6
92,1096.jpg,6
93,1095.jpg,5
94,1094.jpg,6
95,1100.jpg,5
96,1093.jpg,5
97,1098.jpg,6
98,1099.jpg,6
99,1101.jpg,6
100,1102.jpg,6
101,1103.jpg,7
102,1104.jpg,7
103,1105.jpg,6
104,1106.jpg,4
105,1109.jpg,4
106,1108.jpg,4
107,1107.jpg,4
108,1110.jpg,4
109,1111.jpg,3
110,1112.jpg,5
111,1114.jpg,5
112,1115.jpg,5
113,1113.jpg,4
114,1116.jpg,5
115,1118.jpg,4
116,1119.jpg,3
117,1120.jpg,3
118,1121.jpg,2
119,1117.jpg,4
120,1122.jpg,3
121,1128.jpg,3
122,1125.jpg,3
123,1126.jpg,3
124,1124.jpg,3
125,1129.jpg,5
126,1123.jpg,3
127,1130.jpg,5
128,1127.jpg,3
129,1131.jpg,5
130,1132.jpg,6
131,1136.jpg,5
132,1134.jpg,6
133,1133.jpg,6
134,1138.jpg,5
135,1137.jpg,6
136,1135.jpg,6
137,1141.jpg,5
138,1139.jpg,4
139,1140.jpg,5
140,1142.jpg,6
141,1143.jpg,7
142,1147.jpg,8
143,1146.jpg,8
144,1145.jpg,7
145,1144.jpg,7
146,1150.jpg,7
147,1151.jpg,10
148,1148.jpg,7
149,1149.jpg,7
150,1152.jpg,8
151,1158.jpg,8
152,1153.jpg,9
153,1155.jpg,9
154,1156.jpg,10
155,1154.jpg,10
156,1160.jpg,8
157,1157.jpg,10
158,1159.jpg,9
159,1161.jpg,7
160,1162.jpg,8
161,1168.jpg,9
162,1171.jpg,9
163,1165.jpg,10
164,1170.jpg,10
165,1163.jpg,9
166,1166.jpg,9
167,1169.jpg,10
168,1164.jpg,10
169,1167.jpg,10
170,1172.jpg,10
171,1180.jpg,9
172,1177.jpg,10
173,1173.jpg,7
174,1174.jpg,9
175,1175.jpg,9
176,1178.jpg,9
177,1176.jpg,9
178,1179.jpg,9
179,1181.jpg,9
180,1183.jpg,9
181,1184.jpg,9
182,1186.jpg,6
183,1185.jpg,8
184,1188.jpg,5
185,1187.jpg,8
186,1189.jpg,6
187,1193.jpg,7
188,1190.jpg,7
189,1191.jpg,7
190,1194.jpg,7
191,1201.jpg,7
192,1195.jpg,5
193,1200.jpg,8
194,1197.jpg,5
195,1196.jpg,7
196,1198.jpg,6
197,1199.jpg,8
198,1202.jpg,8
199,1203.jpg,8
200,1204.jpg,6
201,1205.jpg,7
202,1212.jpg,9
203,1210.jpg,6
204,1211.jpg,8
205,1213.jpg,9
206,1208.jpg,8
207,1209.jpg,5
208,1207.jpg,8
209,1214.jpg,9
210,1215.jpg,8
211,1216.jpg,8
212,1221.jpg,8
213,1219.jpg,8
214,1223.jpg,7
215,1220.jpg,7
216,1222.jpg,8
217,1218.jpg,8
218,1217.jpg,9
219,1224.jpg,10
220,1225.jpg,9
221,1230.jpg,9
222,1228.jpg,7
223,1231.jpg,8
224,1226.jpg,8
225,1229.jpg,7
226,1232.jpg,9
227,1234.jpg,8
228,1227.jpg,8
229,1233.jpg,7
230,1235.jpg,8
231,1242.jpg,7
232,1236.jpg,9
233,1241.jpg,7
234,1239.jpg,8
235,1238.jpg,6
236,1240.jpg,6
237,1237.jpg,8
238,1244.jpg,8
239,1243.jpg,8
240,1245.jpg,8
241,1252.jpg,9
242,1247.jpg,7
243,1251.jpg,8
244,1248.jpg,7
245,1249.jpg,6
246,1253.jpg,10
247,1246.jpg,7
248,1250.jpg,5
249,1254.jpg,7
250,1255.jpg,8
251,1258.jpg,8
252,1261.jpg,8
253,1264.jpg,8
254,1259.jpg,10
255,1257.jpg,8
256,1263.jpg,9
257,1256.jpg,9
258,1262.jpg,9
259,1265.jpg,7
260,1266.jpg,9
261,1276.jpg,7
262,1271.jpg,8
263,1274.jpg,8
264,1272.jpg,9
265,1275.jpg,7
266,1273.jpg,9
267,1269.jpg,10
268,1268.jpg,8
269,1267.jpg,8
270,1277.jpg,7
271,1280.jpg,8
272,1284.jpg,7
273,1287.jpg,11
274,1286.jpg,9
275,1279.jpg,8
276,1281.jpg,7
277,1283.jpg,7
278,1282.jpg,7
279,1278.jpg,8
280,1288.jpg,9
281,1294.jpg,11
282,1293.jpg,10
283,1292.jpg,10
284,1295.jpg,10
285,1296.jpg,11
286,1289.jpg,10
287,1290.jpg,9
288,1297.jpg,9
289,1291.jpg,9
290,1298.jpg,10
291,1306.jpg,8
292,1301.jpg,9
293,1300.jpg,10
294,1302.jpg,9
295,1305.jpg,7
296,1304.jpg,7
297,1308.jpg,9
298,1307.jpg,8
299,1303.jpg,10
300,1309.jpg,8
301,1314.jpg,8
302,1318.jpg,9
303,1313.jpg,9
304,1315.jpg,8
305,1316.jpg,8
306,1311.jpg,7
307,1317.jpg,8
308,1310.jpg,8
309,1312.jpg,6
310,1319.jpg,10
311,1322.jpg,10
312,1320.jpg,10
313,1324.jpg,9
314,1326.jpg,10
315,1323.jpg,10
316,1325.jpg,9
317,1327.jpg,10
318,1321.jpg,10
319,1328.jpg,8
320,1329.jpg,10
321,1334.jpg,11
322,1338.jpg,10
323,1333.jpg,10
324,1330.jpg,9
325,1337.jpg,10
326,1332.jpg,10
327,1336.jpg,9
328,1335.jpg,10
329,1331.jpg,8
330,1339.jpg,10
331,1347.jpg,10
332,1343.jpg,9
333,1346.jpg,10
334,1344.jpg,11
335,1345.jpg,11
336,1340.jpg,10
337,1342.jpg,11
338,1341.jpg,11
339,1348.jpg,10
340,1349.jpg,11
341,1353.jpg,11
342,1354.jpg,11
343,1358.jpg,8
344,1352.jpg,10
345,1357.jpg,8
346,1351.jpg,11
347,1356.jpg,9
348,1355.jpg,7
349,1350.jpg,10
350,1359.jpg,6
351,1360.jpg,7
352,1361.jpg,6
353,1368.jpg,7
354,1362.jpg,6
355,1366.jpg,10
356,1367.jpg,8
357,1364.jpg,9
358,1363.jpg,9
359,1365.jpg,8
360,1369.jpg,8
361,1375.jpg,9
362,1373.jpg,8
363,1374.jpg,9
364,1371.jpg,8
365,1377.jpg,7
366,1376.jpg,7
367,1372.jpg,9
368,1370.jpg,7
369,1378.jpg,6
370,1379.jpg,7
371,1386.jpg,7
372,1384.jpg,6
373,1387.jpg,7
374,1383.jpg,7
375,1381.jpg,6
376,1382.jpg,7
377,1380.jpg,7
378,1385.jpg,6
379,1388.jpg,6
380,1389.jpg,7
381,1392.jpg,6
382,1397.jpg,8
383,1395.jpg,8
384,1390.jpg,7
385,1398.jpg,7
386,1391.jpg,7
387,1396.jpg,6
388,1393.jpg,7
389,1394.jpg,9
390,1399.jpg,7
391,1406.jpg,7
392,1401.jpg,7
393,1402.jpg,5
394,1404.jpg,8
395,1405.jpg,7
396,1403.jpg,6
397,1400.jpg,7
398,1407.jpg,8
399,1408.jpg,9
400,1409.jpg,9
401,1411.jpg,9
402,1417.jpg,10
403,1414.jpg,9
404,1415.jpg,10
405,1412.jpg,9
406,1416.jpg,10
407,1410.jpg,9
408,1413.jpg,9
409,1418.jpg,8
410,1419.jpg,10
411,1425.jpg,11
412,1422.jpg,9
413,1427.jpg,10
414,1423.jpg,9
415,1421.jpg,9
416,1424.jpg,8
417,1426.jpg,10
418,1420.jpg,10
419,1428.jpg,8
420,1429.jpg,8
421,1435.jpg,8
422,1430.jpg,11
423,1436.jpg,12
424,1433.jpg,6
425,1431.jpg,8
426,1434.jpg,9
427,1432.jpg,8
428,1437.jpg,10
429,1438.jpg,9
430,1439.jpg,11
431,1444.jpg,11
432,1443.jpg,10
433,1445.jpg,10
434,1442.jpg,11
435,1440.jpg,9
436,1441.jpg,9
437,1447.jpg,8
438,1448.jpg,9
439,1446.jpg,10
440,1449.jpg,9
441,1452.jpg,9
442,1453.jpg,8
443,1450.jpg,8
444,1451.jpg,9
445,1456.jpg,11
446,1454.jpg,9
447,1455.jpg,8
448,1458.jpg,9
449,1457.jpg,10
450,1460.jpg,7
451,1469.jpg,10
452,1461.jpg,8
453,1463.jpg,7
454,1468.jpg,9
455,1462.jpg,7
456,1466.jpg,8
457,1465.jpg,8
458,1464.jpg,8
459,1467.jpg,7
460,1470.jpg,9
461,1473.jpg,8
462,1474.jpg,8
463,1475.jpg,6
464,1472.jpg,9
465,1471.jpg,9
466,1476.jpg,6
467,1478.jpg,7
468,1477.jpg,8
469,1479.jpg,7
470,1480.jpg,8
471,1482.jpg,6
472,1486.jpg,9
473,1483.jpg,7
474,1485.jpg,8
475,1488.jpg,9
476,1487.jpg,8
477,1484.jpg,8
478,1481.jpg,7
479,1489.jpg,7
480,1490.jpg,6
481,1496.jpg,10
482,1497.jpg,10
483,1492.jpg,7
484,1493.jpg,7
485,1494.jpg,7
486,1495.jpg,10
487,1491.jpg,7
488,1498.jpg,9
489,1499.jpg,9
490,1500.jpg,11
0,1912.jpg,11
1,1913.jpg,8
2,1918.jpg,10
3,1919.jpg,12
4,1917.jpg,10
5,1915.jpg,10
6,1916.jpg,8
7,1914.jpg,10
8,1907.jpg,11
9,1911.jpg,10
10,1910.jpg,11
11,1908.jpg,8
12,1909.jpg,10
13,1503.jpg,10
14,1501.jpg,8
15,1502.jpg,9
16,1504.jpg,7
17,1505.jpg,7
18,1507.jpg,9
19,1508.jpg,9
20,1509.jpg,9
21,1506.jpg,8
22,1510.jpg,11
23,1514.jpg,10
24,1516.jpg,9
25,1517.jpg,9
26,1515.jpg,8
27,1512.jpg,10
28,1513.jpg,8
29,1518.jpg,8
30,1511.jpg,10
31,1519.jpg,6
32,1520.jpg,8
33,1522.jpg,9
34,1527.jpg,11
35,1529.jpg,10
36,1525.jpg,10
37,1524.jpg,11
38,1526.jpg,10
39,1528.jpg,11
40,1523.jpg,11
41,1521.jpg,10
42,1530.jpg,11
43,1531.jpg,10
44,1536.jpg,10
45,1537.jpg,9
46,1534.jpg,11
47,1532.jpg,9
48,1538.jpg,8
49,1533.jpg,9
50,1535.jpg,10
51,1539.jpg,10
52,1540.jpg,10
53,1542.jpg,5
54,1548.jpg,7
55,1541.jpg,8
56,1543.jpg,6
57,1547.jpg,7
58,1545.jpg,8
59,1546.jpg,8
60,1544.jpg,8
61,1549.jpg,7
62,1550.jpg,8
63,1553.jpg,8
64,1552.jpg,9
65,1559.jpg,10
66,1555.jpg,10
67,1558.jpg,9
68,1557.jpg,9
69,1554.jpg,9
70,1551.jpg,9
71,1556.jpg,9
72,1560.jpg,10
73,1565.jpg,10
74,1562.jpg,10
75,1561.jpg,9
76,1563.jpg,7
77,1568.jpg,8
78,1566.jpg,10
79,1564.jpg,9
80,1567.jpg,7
81,1569.jpg,9
82,1570.jpg,7
83,1574.jpg,9
84,1573.jpg,10
85,1576.jpg,9
86,1575.jpg,11
87,1571.jpg,9
88,1577.jpg,9
89,1572.jpg,9
90,1579.jpg,9
91,1578.jpg,8
92,1580.jpg,8
93,1585.jpg,7
94,1583.jpg,7
95,1590.jpg,8
96,1584.jpg,9
97,1581.jpg,7
98,1586.jpg,8
99,1587.jpg,8
100,1588.jpg,7
101,1589.jpg,9
102,1591.jpg,10
103,1594.jpg,5
104,1600.jpg,5
105,1596.jpg,6
106,1593.jpg,8
107,1595.jpg,6
108,1598.jpg,5
109,1592.jpg,9
110,1597.jpg,5
111,1599.jpg,5
112,1601.jpg,5
113,1607.jpg,8
114,1609.jpg,8
115,1602.jpg,6
116,1608.jpg,8
117,1604.jpg,5
118,1606.jpg,9
119,1605.jpg,9
120,1603.jpg,5
121,1610.jpg,7
122,1611.jpg,7
123,1614.jpg,9
124,1612.jpg,9
125,1615.jpg,8
126,1616.jpg,9
127,1613.jpg,9
128,1619.jpg,8
129,1620.jpg,8
130,1617.jpg,9
131,1618.jpg,8
132,1621.jpg,9
133,1629.jpg,9
134,1627.jpg,7
135,1623.jpg,8
136,1624.jpg,8
137,1625.jpg,9
138,1628.jpg,8
139,1626.jpg,7
140,1622.jpg,8
141,1630.jpg,10
142,1631.jpg,9
143,1635.jpg,10
144,1638.jpg,9
145,1637.jpg,10
146,1636.jpg,10
147,1633.jpg,9
148,1634.jpg,10
149,1632.jpg,10
150,1639.jpg,10
151,1640.jpg,6
152,1641.jpg,6
153,1646.jpg,8
154,1648.jpg,8
155,1642.jpg,7
156,1649.jpg,9
157,1647.jpg,8
158,1643.jpg,7
159,1645.jpg,7
160,1644.jpg,8
161,1650.jpg,9
162,1651.jpg,10
163,1656.jpg,6
164,1652.jpg,10
165,1653.jpg,6
166,1654.jpg,6
167,1655.jpg,6
168,1659.jpg,6
169,1657.jpg,6
170,1658.jpg,6
171,1660.jpg,6
172,1661.jpg,6
173,1665.jpg,7
174,1666.jpg,8
175,1663.jpg,7
176,1664.jpg,7
177,1662.jpg,6
178,1670.jpg,8
179,1668.jpg,7
180,1667.jpg,8
181,1669.jpg,8
182,1671.jpg,9
183,1672.jpg,8
184,1675.jpg,7
185,1674.jpg,6
186,1676.jpg,7
187,1673.jpg,8
188,1680.jpg,7
189,1679.jpg,8
190,1678.jpg,8
191,1677.jpg,8
192,1681.jpg,7
193,1685.jpg,8
194,1688.jpg,10
195,1682.jpg,8
196,1689.jpg,8
197,1683.jpg,7
198,1686.jpg,9
199,1687.jpg,8
200,1684.jpg,7
201,1690.jpg,9
202,1691.jpg,7
203,1699.jpg,9
204,1692.jpg,8
205,1693.jpg,8
206,1696.jpg,9
207,1697.jpg,9
208,1694.jpg,8
209,1695.jpg,8
210,1698.jpg,9
211,1700.jpg,8
212,1701.jpg,9
213,1710.jpg,9
214,1705.jpg,8
215,1703.jpg,10
216,1708.jpg,8
217,1709.jpg,9
218,1707.jpg,9
219,1702.jpg,9
220,1704.jpg,7
221,1706.jpg,8
222,1711.jpg,8
223,1713.jpg,9
224,1714.jpg,8
225,1715.jpg,11
226,1716.jpg,12
227,1718.jpg,11
228,1712.jpg,7
229,1719.jpg,12
230,1717.jpg,13
231,1720.jpg,11
232,1721.jpg,11
233,1723.jpg,11
234,1724.jpg,12
235,1722.jpg,11
236,1725.jpg,12
237,1729.jpg,11
238,1728.jpg,10
239,1727.jpg,11
240,1726.jpg,10
241,1730.jpg,11
242,1731.jpg,11
243,1740.jpg,12
244,1735.jpg,12
245,1736.jpg,10
246,1733.jpg,13
247,1732.jpg,8
248,1734.jpg,13
249,1737.jpg,11
250,1738.jpg,11
251,1739.jpg,10
252,1741.jpg,11
253,1743.jpg,9
254,1746.jpg,11
255,1747.jpg,12
256,1745.jpg,11
257,1744.jpg,12
258,1742.jpg,12
259,1749.jpg,13
260,1748.jpg,12
261,1750.jpg,13
262,1751.jpg,13
263,1756.jpg,11
264,1758.jpg,12
265,1754.jpg,13
266,1752.jpg,12
267,1757.jpg,11
268,1755.jpg,13
269,1759.jpg,10
270,1753.jpg,12
271,1760.jpg,12
272,1761.jpg,12
273,1762.jpg,7
274,1765.jpg,7
275,1766.jpg,9
276,1763.jpg,7
277,1764.jpg,8
278,1768.jpg,9
279,1769.jpg,11
280,1767.jpg,8
281,1770.jpg,8
282,1771.jpg,9
283,1772.jpg,8
284,1773.jpg,9
285,1778.jpg,11
286,1775.jpg,9
287,1776.jpg,10
288,1779.jpg,10
289,1774.jpg,10
290,1777.jpg,9
291,1780.jpg,10
292,1781.jpg,10
293,1789.jpg,6
294,1783.jpg,11
295,1784.jpg,11
296,1787.jpg,11
297,1785.jpg,11
298,1782.jpg,11
299,1788.jpg,5
300,1786.jpg,11
301,1790.jpg,7
302,1791.jpg,6
303,1796.jpg,7
304,1795.jpg,7
305,1794.jpg,7
306,1797.jpg,5
307,1792.jpg,6
308,1793.jpg,6
309,1798.jpg,5
310,1800.jpg,6
311,1799.jpg,5
312,1801.jpg,7
313,1802.jpg,6
314,1805.jpg,5
315,1806.jpg,4
316,1808.jpg,6
317,1807.jpg,5
318,1803.jpg,6
319,1804.jpg,6
320,1809.jpg,4
321,1810.jpg,6
322,1811.jpg,7
323,1820.jpg,6
324,1817.jpg,6
325,1812.jpg,7
326,1816.jpg,5
327,1813.jpg,6
328,1814.jpg,5
329,1815.jpg,6
330,1819.jpg,5
331,1818.jpg,6
332,1821.jpg,6
333,1826.jpg,6
334,1828.jpg,5
335,1827.jpg,5
336,1824.jpg,5
337,1825.jpg,4
338,1822.jpg,7
339,1823.jpg,7
340,1830.jpg,4
341,1829.jpg,5
342,1831.jpg,5
343,1835.jpg,4
344,1837.jpg,8
345,1832.jpg,4
346,1836.jpg,3
347,1833.jpg,4
348,1834.jpg,4
349,1839.jpg,8
350,1838.jpg,9
351,1840.jpg,9
352,1841.jpg,11
353,1843.jpg,12
354,1848.jpg,10
355,1845.jpg,11
356,1842.jpg,12
357,1847.jpg,10
358,1846.jpg,11
359,1844.jpg,12
360,1849.jpg,13
361,1850.jpg,10
362,1851.jpg,9
363,1857.jpg,6
364,1852.jpg,10
365,1855.jpg,7
366,1859.jpg,5
367,1854.jpg,9
368,1856.jpg,6
369,1853.jpg,7
370,1858.jpg,7
371,1860.jpg,7
372,1861.jpg,7
373,1863.jpg,8
374,1862.jpg,8
375,1864.jpg,8
376,1867.jpg,7
377,1866.jpg,8
378,1865.jpg,8
379,1871.jpg,6
380,1869.jpg,7
381,1870.jpg,6
382,1872.jpg,7
383,1873.jpg,6
384,1878.jpg,7
385,1876.jpg,7
386,1881.jpg,6
387,1877.jpg,7
388,1875.jpg,7
389,1879.jpg,5
390,1880.jpg,5
391,1874.jpg,7
392,1882.jpg,6
393,1888.jpg,5
394,1884.jpg,6
395,1883.jpg,6
396,1886.jpg,4
397,1885.jpg,6
398,1890.jpg,7
399,1891.jpg,7
400,1889.jpg,5
401,1887.jpg,5
402,1892.jpg,7
403,1895.jpg,6
404,1898.jpg,6
405,1900.jpg,6
406,1894.jpg,6
407,1899.jpg,6
408,1896.jpg,6
409,1897.jpg,6
410,1893.jpg,6
411,1901.jpg,6
412,1902.jpg,6
413,1904.jpg,7
414,1905.jpg,8
415,1903.jpg,6
